{
  "r_s_over_M": 2.0,
  "r_peak_over_M": [
    3.281640820410205,
    3.281640820410205,
    3.281640820410205,
    3.279739869934968,
    3.279739869934968,
    3.279739869934968,
    3.279739869934968,
    3.279739869934968,
    3.279739869934968,
    3.2778389194597297,
    3.2778389194597297,
    3.2759379689844925
  ],
  "V_peak_M2": [
    0.15128667526783834,
    0.15128681638784655,
    0.15128780422547777,
    0.15129048654296093,
    0.15129572394459204,
    0.1513043583196215,
    0.15131723850681975,
    0.15133521294824756,
    0.15135912951710143,
    0.1513899072807535,
    0.15142836669753246,
    0.15147543254642673
  ],
  "L_over_rs": [
    0.0,
    0.012727272727272728,
    0.025454545454545455,
    0.038181818181818185,
    0.05090909090909091,
    0.06363636363636364,
    0.07636363636363637,
    0.0890909090909091,
    0.10181818181818182,
    0.11454545454545455,
    0.1272727272727273,
    0.14
  ],
  "mprime_over_M_at_rpeak": [
    0.0,
    4.2663129252418663e-07,
    3.4130280408898325e-06,
    1.1545493376393756e-05,
    2.7366148690787746e-05,
    5.344646091703039e-05,
    9.234762742705903e-05,
    0.00014662720221709323,
    0.00021883751680792685,
    0.00031224673630703636,
    0.0004282133371027587,
    0.000571097800065808
  ]
}