{
  "schwarzschild": {
    "Re": 0.6684115749726991,
    "Im": -0.1664843268347031,
    "dRe": 0.29473989497269915,
    "dIm": -0.07752200683470312
  },
  "kerr": [
    {
      "a": 0.0,
      "Re": 0.6684115749726991,
      "Im": -0.1664843268347031
    },
    {
      "a": 0.3,
      "Re": 0.8018663836414635,
      "Im": -0.19754193841671447
    },
    {
      "a": 0.6,
      "Re": 0.9936754970197658,
      "Im": -0.2453930671824149
    },
    {
      "a": 0.9,
      "Re": 0.8067769385421719,
      "Im": -0.06920570732572208
    }
  ],
  "notes": []
}