L_over_rs,Re_Mw,Im_Mw
0.0,0.3746998117221207,-0.08853281775099717
0.02,0.37472469298039207,-0.08850148524061682
0.05,0.37486166513677305,-0.08833232887919804
