{
  "kf": 0.005546370074177353,
  "kt": 0.028518363892626748,
  "eps_posterior": {
    "median": 0.07493095989171913,
    "ci95": [
      0.0,
      0.14250000000000002
    ]
  },
  "L0_posterior_km": {
    "median": 29.0644907222509,
    "ci95": [
      0.0,
      55.300000000000004
    ]
  },
  "prior_trunc_km": 58.208559920571254
}